ID,label
Image_1.jpg,SCARCE SWALLOW
Image_10.jpg,STRAITED QUEEN
Image_100.jpg,ULYSES
Image_1000.jpg,INDRA SWALLOW
Image_1001.jpg,MONARCH
Image_1002.jpg,GOLD BANDED
Image_1003.jpg,BLUE MORPHO
Image_1004.jpg,YELLOW SWALLOW TAIL
Image_1005.jpg,METALMARK
Image_1006.jpg,CAIRNS BIRDWING
Image_1007.jpg,GREY HAIRSTREAK
Image_1008.jpg,GREEN CELLED CATTLEHEART
Image_1009.jpg,EASTERN PINE ELFIN
Image_101.jpg,PURPLISH COPPER
Image_1010.jpg,MESTRA
Image_1011.jpg,CABBAGE WHITE
Image_1012.jpg,ADONIS
Image_1013.jpg,BLUE SPOTTED CROW
Image_1014.jpg,MOURNING CLOAK
Image_1015.jpg,BLACK HAIRSTREAK
Image_1016.jpg,INDRA SWALLOW
Image_1017.jpg,PAINTED LADY
Image_1018.jpg,BECKERS WHITE
Image_1019.jpg,COPPER TAIL
Image_102.jpg,ADONIS
Image_1020.jpg,MOURNING CLOAK
Image_1021.jpg,CRIMSON PATCH
Image_1022.jpg,APPOLLO
Image_1023.jpg,PIPEVINE SWALLOW
Image_1024.jpg,MESTRA
Image_1025.jpg,EASTERN PINE ELFIN
Image_1026.jpg,BANDED ORANGE HELICONIAN
Image_1027.jpg,METALMARK
Image_1028.jpg,ULYSES
Image_1029.jpg,INDRA SWALLOW
Image_103.jpg,DANAID EGGFLY
Image_1030.jpg,BLUE SPOTTED CROW
Image_1031.jpg,GREAT JAY
Image_1032.jpg,BANDED ORANGE HELICONIAN
Image_1033.jpg,GREEN CELLED CATTLEHEART
Image_1034.jpg,MOURNING CLOAK
Image_1035.jpg,TROPICAL LEAFWING
Image_1036.jpg,MOURNING CLOAK
Image_1037.jpg,ELBOWED PIERROT
Image_1038.jpg,CLODIUS PARNASSIAN
Image_1039.jpg,TWO BARRED FLASHER
Image_104.jpg,VICEROY
Image_1040.jpg,MONARCH
Image_1041.jpg,CABBAGE WHITE
Image_1042.jpg,BANDED ORANGE HELICONIAN
Image_1043.jpg,PURPLISH COPPER
Image_1044.jpg,ELBOWED PIERROT
Image_1045.jpg,QUESTION MARK
Image_1046.jpg,INDRA SWALLOW
Image_1047.jpg,COPPER TAIL
Image_1048.jpg,RED CRACKER
Image_1049.jpg,ORANGE OAKLEAF
Image_105.jpg,QUESTION MARK
Image_1050.jpg,CLODIUS PARNASSIAN
Image_1051.jpg,MOURNING CLOAK
Image_1052.jpg,CLODIUS PARNASSIAN
Image_1053.jpg,CRIMSON PATCH
Image_1054.jpg,BANDED ORANGE HELICONIAN
Image_1055.jpg,JULIA
Image_1056.jpg,IPHICLUS SISTER
Image_1057.jpg,CLEOPATRA
Image_1058.jpg,PIPEVINE SWALLOW
Image_1059.jpg,MESTRA
Image_106.jpg,INDRA SWALLOW
Image_1060.jpg,COMMON WOOD-NYMPH
Image_1061.jpg,BLUE SPOTTED CROW
Image_1062.jpg,PURPLISH COPPER
Image_1063.jpg,AMERICAN SNOOT
Image_1064.jpg,PURPLE HAIRSTREAK
Image_1065.jpg,PIPEVINE SWALLOW
Image_1066.jpg,EASTERN DAPPLE WHITE
Image_1067.jpg,GREAT JAY
Image_1068.jpg,RED POSTMAN
Image_1069.jpg,IPHICLUS SISTER
Image_107.jpg,ATALA
Image_1070.jpg,ELBOWED PIERROT
Image_1071.jpg,GREEN CELLED CATTLEHEART
Image_1072.jpg,TWO BARRED FLASHER
Image_1073.jpg,CLOUDED SULPHUR
Image_1074.jpg,CHECQUERED SKIPPER
Image_1075.jpg,SOOTYWING
Image_1076.jpg,JULIA
Image_1077.jpg,GREY HAIRSTREAK
Image_1078.jpg,SOUTHERN DOGFACE
Image_1079.jpg,CLEOPATRA
Image_108.jpg,PIPEVINE SWALLOW
Image_1080.jpg,ORANGE OAKLEAF
Image_1081.jpg,SILVER SPOT SKIPPER
Image_1082.jpg,RED CRACKER
Image_1083.jpg,COMMON BANDED AWL
Image_1084.jpg,GREAT JAY
Image_1085.jpg,GREAT EGGFLY
Image_1086.jpg,SOUTHERN DOGFACE
Image_1087.jpg,SOUTHERN DOGFACE
Image_1088.jpg,ATALA
Image_1089.jpg,SLEEPY ORANGE
Image_109.jpg,MESTRA
Image_1090.jpg,BROWN SIPROETA
Image_1091.jpg,GREAT JAY
Image_1092.jpg,EASTERN PINE ELFIN
Image_1093.jpg,SLEEPY ORANGE
Image_1094.jpg,ADONIS
Image_1095.jpg,COMMON BANDED AWL
Image_1096.jpg,ZEBRA LONG WING
Image_1097.jpg,WOOD SATYR
Image_1098.jpg,MANGROVE SKIPPER
Image_1099.jpg,MANGROVE SKIPPER
Image_11.jpg,MALACHITE
Image_110.jpg,STRAITED QUEEN
Image_1100.jpg,IPHICLUS SISTER
Image_1101.jpg,APPOLLO
Image_1102.jpg,VICEROY
Image_1103.jpg,ELBOWED PIERROT
Image_1104.jpg,SILVER SPOT SKIPPER
Image_1105.jpg,CLEOPATRA
Image_1106.jpg,GREAT JAY
Image_1107.jpg,COMMON BANDED AWL
Image_1108.jpg,BANDED ORANGE HELICONIAN
Image_1109.jpg,ORCHARD SWALLOW
Image_111.jpg,MALACHITE
Image_1110.jpg,AFRICAN GIANT SWALLOWTAIL
Image_1111.jpg,DANAID EGGFLY
Image_1112.jpg,SOUTHERN DOGFACE
Image_1113.jpg,APPOLLO
Image_1114.jpg,ORANGE OAKLEAF
Image_1115.jpg,COMMON BANDED AWL
Image_1116.jpg,CLEOPATRA
Image_1117.jpg,METALMARK
Image_1118.jpg,SOOTYWING
Image_1119.jpg,ORANGE TIP
Image_112.jpg,EASTERN DAPPLE WHITE
Image_1120.jpg,GOLD BANDED
Image_1121.jpg,PAPER KITE
Image_1122.jpg,JULIA
Image_1123.jpg,CHECQUERED SKIPPER
Image_1124.jpg,AN 88
Image_1125.jpg,BANDED ORANGE HELICONIAN
Image_1126.jpg,ELBOWED PIERROT
Image_1127.jpg,GREAT EGGFLY
Image_1128.jpg,BROWN SIPROETA
Image_1129.jpg,DANAID EGGFLY
Image_113.jpg,BANDED PEACOCK
Image_1130.jpg,POPINJAY
Image_1131.jpg,BECKERS WHITE
Image_1132.jpg,METALMARK
Image_1133.jpg,MILBERTS TORTOISESHELL
Image_1134.jpg,BLUE MORPHO
Image_1135.jpg,BLUE MORPHO
Image_1136.jpg,CHECQUERED SKIPPER
Image_1137.jpg,TWO BARRED FLASHER
Image_1138.jpg,EASTERN COMA
Image_1139.jpg,BROWN SIPROETA
Image_114.jpg,BANDED ORANGE HELICONIAN
Image_1140.jpg,CRECENT
Image_1141.jpg,CLEOPATRA
Image_1142.jpg,CLEOPATRA
Image_1143.jpg,CABBAGE WHITE
Image_1144.jpg,MILBERTS TORTOISESHELL
Image_1145.jpg,BLUE SPOTTED CROW
Image_1146.jpg,POPINJAY
Image_1147.jpg,DANAID EGGFLY
Image_1148.jpg,COMMON WOOD-NYMPH
Image_1149.jpg,RED SPOTTED PURPLE
Image_115.jpg,IPHICLUS SISTER
Image_1150.jpg,CLODIUS PARNASSIAN
Image_1151.jpg,PAPER KITE
Image_1152.jpg,INDRA SWALLOW
Image_1153.jpg,MANGROVE SKIPPER
Image_1154.jpg,RED CRACKER
Image_1155.jpg,PURPLE HAIRSTREAK
Image_1156.jpg,COMMON WOOD-NYMPH
Image_1157.jpg,GREAT JAY
Image_1158.jpg,CAIRNS BIRDWING
Image_1159.jpg,EASTERN COMA
Image_116.jpg,BLACK HAIRSTREAK
Image_1160.jpg,BROWN SIPROETA
Image_1161.jpg,MOURNING CLOAK
Image_1162.jpg,GREAT EGGFLY
Image_1163.jpg,PAPER KITE
Image_1164.jpg,CRIMSON PATCH
Image_1165.jpg,GOLD BANDED
Image_1166.jpg,SLEEPY ORANGE
Image_1167.jpg,CABBAGE WHITE
Image_1168.jpg,SOOTYWING
Image_1169.jpg,CLEOPATRA
Image_117.jpg,BANDED ORANGE HELICONIAN
Image_1170.jpg,EASTERN DAPPLE WHITE
Image_1171.jpg,RED ADMIRAL
Image_1172.jpg,RED SPOTTED PURPLE
Image_1173.jpg,CRECENT
Image_1174.jpg,BLUE SPOTTED CROW
Image_1175.jpg,PIPEVINE SWALLOW
Image_1176.jpg,MONARCH
Image_1177.jpg,BLACK HAIRSTREAK
Image_1178.jpg,CLODIUS PARNASSIAN
Image_1179.jpg,BANDED ORANGE HELICONIAN
Image_118.jpg,SLEEPY ORANGE
Image_1180.jpg,RED CRACKER
Image_1181.jpg,MONARCH
Image_1182.jpg,MOURNING CLOAK
Image_1183.jpg,BLUE MORPHO
Image_1184.jpg,SILVER SPOT SKIPPER
Image_1185.jpg,COMMON BANDED AWL
Image_1186.jpg,PEACOCK
Image_1187.jpg,DANAID EGGFLY
Image_1188.jpg,POPINJAY
Image_1189.jpg,BECKERS WHITE
Image_119.jpg,ATALA
Image_1190.jpg,COMMON BANDED AWL
Image_1191.jpg,RED CRACKER
Image_1192.jpg,GREY HAIRSTREAK
Image_1193.jpg,IPHICLUS SISTER
Image_1194.jpg,ADONIS
Image_1195.jpg,ORANGE OAKLEAF
Image_1196.jpg,JULIA
Image_1197.jpg,BANDED PEACOCK
Image_1198.jpg,ADONIS
Image_1199.jpg,WOOD SATYR
Image_12.jpg,PURPLISH COPPER
Image_120.jpg,EASTERN DAPPLE WHITE
Image_1200.jpg,CHECQUERED SKIPPER
Image_1201.jpg,ORCHARD SWALLOW
Image_1202.jpg,SOUTHERN DOGFACE
Image_1203.jpg,MANGROVE SKIPPER
Image_1204.jpg,TROPICAL LEAFWING
Image_1205.jpg,ZEBRA LONG WING
Image_1206.jpg,EASTERN COMA
Image_1207.jpg,ZEBRA LONG WING
Image_1208.jpg,APPOLLO
Image_1209.jpg,YELLOW SWALLOW TAIL
Image_121.jpg,PAPER KITE
Image_1210.jpg,PIPEVINE SWALLOW
Image_1211.jpg,CLEOPATRA
Image_1212.jpg,AFRICAN GIANT SWALLOWTAIL
Image_1213.jpg,DANAID EGGFLY
Image_1214.jpg,CLEOPATRA
Image_1215.jpg,EASTERN PINE ELFIN
Image_1216.jpg,BLACK HAIRSTREAK
Image_1217.jpg,GREY HAIRSTREAK
Image_1218.jpg,CRIMSON PATCH
Image_1219.jpg,RED ADMIRAL
Image_122.jpg,ZEBRA LONG WING
Image_1220.jpg,MANGROVE SKIPPER
Image_1221.jpg,GREAT JAY
Image_1222.jpg,CABBAGE WHITE
Image_1223.jpg,TROPICAL LEAFWING
Image_1224.jpg,RED SPOTTED PURPLE
Image_1225.jpg,ATALA
Image_1226.jpg,QUESTION MARK
Image_1227.jpg,MILBERTS TORTOISESHELL
Image_1228.jpg,TWO BARRED FLASHER
Image_1229.jpg,MONARCH
Image_123.jpg,DANAID EGGFLY
Image_1230.jpg,TWO BARRED FLASHER
Image_1231.jpg,CLEOPATRA
Image_1232.jpg,PIPEVINE SWALLOW
Image_1233.jpg,CRECENT
Image_1234.jpg,MESTRA
Image_1235.jpg,QUESTION MARK
Image_1236.jpg,PAINTED LADY
Image_1237.jpg,GREEN CELLED CATTLEHEART
Image_1238.jpg,EASTERN COMA
Image_1239.jpg,CLOUDED SULPHUR
Image_124.jpg,BANDED PEACOCK
Image_1240.jpg,SCARCE SWALLOW
Image_1241.jpg,BLACK HAIRSTREAK
Image_1242.jpg,PINE WHITE
Image_1243.jpg,ZEBRA LONG WING
Image_1244.jpg,GREY HAIRSTREAK
Image_1245.jpg,SCARCE SWALLOW
Image_1246.jpg,AMERICAN SNOOT
Image_1247.jpg,IPHICLUS SISTER
Image_1248.jpg,CLEOPATRA
Image_1249.jpg,PAPER KITE
Image_125.jpg,BROWN SIPROETA
Image_1250.jpg,RED SPOTTED PURPLE
Image_1251.jpg,PIPEVINE SWALLOW
Image_1252.jpg,SILVER SPOT SKIPPER
Image_1253.jpg,CLODIUS PARNASSIAN
Image_1254.jpg,CABBAGE WHITE
Image_1255.jpg,PINE WHITE
Image_1256.jpg,CRIMSON PATCH
Image_1257.jpg,BROWN SIPROETA
Image_1258.jpg,POPINJAY
Image_1259.jpg,PURPLISH COPPER
Image_126.jpg,BROWN SIPROETA
Image_1260.jpg,MILBERTS TORTOISESHELL
Image_1261.jpg,GREY HAIRSTREAK
Image_1262.jpg,GREAT JAY
Image_1263.jpg,CLEOPATRA
Image_1264.jpg,MESTRA
Image_1265.jpg,POPINJAY
Image_1266.jpg,RED SPOTTED PURPLE
Image_1267.jpg,BLUE SPOTTED CROW
Image_1268.jpg,ORCHARD SWALLOW
Image_1269.jpg,CABBAGE WHITE
Image_127.jpg,COMMON BANDED AWL
Image_1270.jpg,CLEOPATRA
Image_1271.jpg,COPPER TAIL
Image_1272.jpg,PURPLISH COPPER
Image_1273.jpg,ELBOWED PIERROT
Image_1274.jpg,WOOD SATYR
Image_1275.jpg,PINE WHITE
Image_1276.jpg,RED CRACKER
Image_1277.jpg,MOURNING CLOAK
Image_1278.jpg,PURPLISH COPPER
Image_1279.jpg,ULYSES
Image_128.jpg,BLUE SPOTTED CROW
Image_1280.jpg,PURPLE HAIRSTREAK
Image_1281.jpg,EASTERN PINE ELFIN
Image_1282.jpg,RED CRACKER
Image_1283.jpg,BLUE MORPHO
Image_1284.jpg,ORANGE TIP
Image_1285.jpg,MILBERTS TORTOISESHELL
Image_1286.jpg,SLEEPY ORANGE
Image_1287.jpg,IPHICLUS SISTER
Image_1288.jpg,ADONIS
Image_1289.jpg,CAIRNS BIRDWING
Image_129.jpg,GOLD BANDED
Image_1290.jpg,ORANGE OAKLEAF
Image_1291.jpg,RED ADMIRAL
Image_1292.jpg,DANAID EGGFLY
Image_1293.jpg,PURPLE HAIRSTREAK
Image_1294.jpg,ORANGE TIP
Image_1295.jpg,SOUTHERN DOGFACE
Image_1296.jpg,AN 88
Image_1297.jpg,APPOLLO
Image_1298.jpg,PINE WHITE
Image_1299.jpg,RED ADMIRAL
Image_13.jpg,EASTERN COMA
Image_130.jpg,AN 88
Image_1300.jpg,MILBERTS TORTOISESHELL
Image_1301.jpg,COMMON WOOD-NYMPH
Image_1302.jpg,RED ADMIRAL
Image_1303.jpg,SCARCE SWALLOW
Image_1304.jpg,ATALA
Image_1305.jpg,JULIA
Image_1306.jpg,APPOLLO
Image_1307.jpg,METALMARK
Image_1308.jpg,IPHICLUS SISTER
Image_1309.jpg,MALACHITE
Image_131.jpg,TWO BARRED FLASHER
Image_1310.jpg,RED ADMIRAL
Image_1311.jpg,SLEEPY ORANGE
Image_1312.jpg,SILVER SPOT SKIPPER
Image_1313.jpg,MESTRA
Image_1314.jpg,CRIMSON PATCH
Image_1315.jpg,BLUE SPOTTED CROW
Image_1316.jpg,RED CRACKER
Image_1317.jpg,INDRA SWALLOW
Image_1318.jpg,MANGROVE SKIPPER
Image_1319.jpg,BECKERS WHITE
Image_132.jpg,ELBOWED PIERROT
Image_1320.jpg,RED CRACKER
Image_1321.jpg,ELBOWED PIERROT
Image_1322.jpg,ATALA
Image_1323.jpg,JULIA
Image_1324.jpg,AN 88
Image_1325.jpg,BLACK HAIRSTREAK
Image_1326.jpg,CAIRNS BIRDWING
Image_1327.jpg,RED ADMIRAL
Image_1328.jpg,SCARCE SWALLOW
Image_1329.jpg,DANAID EGGFLY
Image_133.jpg,EASTERN PINE ELFIN
Image_1330.jpg,GREAT JAY
Image_1331.jpg,ORANGE TIP
Image_1332.jpg,ORANGE OAKLEAF
Image_1333.jpg,PEACOCK
Image_1334.jpg,ORANGE TIP
Image_1335.jpg,ULYSES
Image_1336.jpg,CLOUDED SULPHUR
Image_1337.jpg,METALMARK
Image_1338.jpg,BLACK HAIRSTREAK
Image_1339.jpg,GREAT EGGFLY
Image_134.jpg,CLOUDED SULPHUR
Image_1340.jpg,ULYSES
Image_1341.jpg,DANAID EGGFLY
Image_1342.jpg,SOUTHERN DOGFACE
Image_1343.jpg,BANDED ORANGE HELICONIAN
Image_1344.jpg,AN 88
Image_1345.jpg,GOLD BANDED
Image_1346.jpg,MILBERTS TORTOISESHELL
Image_1347.jpg,MESTRA
Image_1348.jpg,WOOD SATYR
Image_1349.jpg,PEACOCK
Image_135.jpg,YELLOW SWALLOW TAIL
Image_1350.jpg,BLUE SPOTTED CROW
Image_1351.jpg,CRECENT
Image_1352.jpg,INDRA SWALLOW
Image_1353.jpg,ELBOWED PIERROT
Image_1354.jpg,ORANGE TIP
Image_1355.jpg,MOURNING CLOAK
Image_1356.jpg,SOOTYWING
Image_1357.jpg,IPHICLUS SISTER
Image_1358.jpg,ORCHARD SWALLOW
Image_1359.jpg,CRIMSON PATCH
Image_136.jpg,BLUE MORPHO
Image_1360.jpg,GOLD BANDED
Image_1361.jpg,CHECQUERED SKIPPER
Image_1362.jpg,SCARCE SWALLOW
Image_1363.jpg,INDRA SWALLOW
Image_1364.jpg,TWO BARRED FLASHER
Image_1365.jpg,CLEOPATRA
Image_1366.jpg,PURPLE HAIRSTREAK
Image_1367.jpg,YELLOW SWALLOW TAIL
Image_1368.jpg,BLUE SPOTTED CROW
Image_1369.jpg,STRAITED QUEEN
Image_137.jpg,SCARCE SWALLOW
Image_1370.jpg,PURPLISH COPPER
Image_1371.jpg,CAIRNS BIRDWING
Image_1372.jpg,INDRA SWALLOW
Image_1373.jpg,PURPLE HAIRSTREAK
Image_1374.jpg,SOOTYWING
Image_1375.jpg,GREAT JAY
Image_1376.jpg,CHESTNUT
Image_1377.jpg,BECKERS WHITE
Image_1378.jpg,ORANGE OAKLEAF
Image_1379.jpg,PURPLE HAIRSTREAK
Image_138.jpg,EASTERN COMA
Image_1380.jpg,STRAITED QUEEN
Image_1381.jpg,METALMARK
Image_1382.jpg,COPPER TAIL
Image_1383.jpg,COMMON WOOD-NYMPH
Image_1384.jpg,PEACOCK
Image_1385.jpg,PEACOCK
Image_1386.jpg,SOOTYWING
Image_1387.jpg,PIPEVINE SWALLOW
Image_1388.jpg,BANDED PEACOCK
Image_1389.jpg,RED SPOTTED PURPLE
Image_139.jpg,MALACHITE
Image_1390.jpg,SOOTYWING
Image_1391.jpg,PINE WHITE
Image_1392.jpg,DANAID EGGFLY
Image_1393.jpg,RED ADMIRAL
Image_1394.jpg,ZEBRA LONG WING
Image_1395.jpg,CHESTNUT
Image_1396.jpg,RED CRACKER
Image_1397.jpg,CHESTNUT
Image_1398.jpg,GREEN CELLED CATTLEHEART
Image_1399.jpg,CLOUDED SULPHUR
Image_14.jpg,PAPER KITE
Image_140.jpg,WOOD SATYR
Image_1400.jpg,SOUTHERN DOGFACE
Image_1401.jpg,CLODIUS PARNASSIAN
Image_1402.jpg,MESTRA
Image_1403.jpg,YELLOW SWALLOW TAIL
Image_1404.jpg,BLUE MORPHO
Image_1405.jpg,PIPEVINE SWALLOW
Image_1406.jpg,CLEOPATRA
Image_1407.jpg,GREEN CELLED CATTLEHEART
Image_1408.jpg,RED SPOTTED PURPLE
Image_1409.jpg,APPOLLO
Image_141.jpg,CHECQUERED SKIPPER
Image_1410.jpg,CRECENT
Image_1411.jpg,MESTRA
Image_1412.jpg,BANDED PEACOCK
Image_1413.jpg,APPOLLO
Image_1414.jpg,APPOLLO
Image_1415.jpg,GREY HAIRSTREAK
Image_1416.jpg,MALACHITE
Image_1417.jpg,SOOTYWING
Image_1418.jpg,PAINTED LADY
Image_1419.jpg,STRAITED QUEEN
Image_142.jpg,PURPLE HAIRSTREAK
Image_1420.jpg,BANDED ORANGE HELICONIAN
Image_1421.jpg,MOURNING CLOAK
Image_1422.jpg,SOOTYWING
Image_1423.jpg,SILVER SPOT SKIPPER
Image_1424.jpg,PAPER KITE
Image_1425.jpg,BANDED ORANGE HELICONIAN
Image_1426.jpg,MOURNING CLOAK
Image_1427.jpg,CRECENT
Image_1428.jpg,PURPLISH COPPER
Image_1429.jpg,EASTERN DAPPLE WHITE
Image_143.jpg,BLACK HAIRSTREAK
Image_1430.jpg,CHECQUERED SKIPPER
Image_1431.jpg,RED ADMIRAL
Image_1432.jpg,GOLD BANDED
Image_1433.jpg,EASTERN DAPPLE WHITE
Image_1434.jpg,POPINJAY
Image_1435.jpg,CLOUDED SULPHUR
Image_1436.jpg,EASTERN COMA
Image_1437.jpg,EASTERN DAPPLE WHITE
Image_1438.jpg,CLODIUS PARNASSIAN
Image_1439.jpg,CRECENT
Image_144.jpg,ELBOWED PIERROT
Image_1440.jpg,ULYSES
Image_1441.jpg,YELLOW SWALLOW TAIL
Image_1442.jpg,PAPER KITE
Image_1443.jpg,SCARCE SWALLOW
Image_1444.jpg,BLUE MORPHO
Image_1445.jpg,BECKERS WHITE
Image_1446.jpg,EASTERN DAPPLE WHITE
Image_1447.jpg,ATALA
Image_1448.jpg,COMMON BANDED AWL
Image_1449.jpg,EASTERN DAPPLE WHITE
Image_145.jpg,PINE WHITE
Image_1450.jpg,GREY HAIRSTREAK
Image_1451.jpg,PEACOCK
Image_1452.jpg,MONARCH
Image_1453.jpg,TROPICAL LEAFWING
Image_1454.jpg,COPPER TAIL
Image_1455.jpg,BLUE SPOTTED CROW
Image_1456.jpg,PURPLISH COPPER
Image_1457.jpg,SOOTYWING
Image_1458.jpg,MALACHITE
Image_1459.jpg,VICEROY
Image_146.jpg,WOOD SATYR
Image_1460.jpg,SLEEPY ORANGE
Image_1461.jpg,SOUTHERN DOGFACE
Image_1462.jpg,BROWN SIPROETA
Image_1463.jpg,ORANGE TIP
Image_1464.jpg,PURPLISH COPPER
Image_1465.jpg,BANDED ORANGE HELICONIAN
Image_1466.jpg,EASTERN COMA
Image_1467.jpg,BROWN SIPROETA
Image_1468.jpg,VICEROY
Image_1469.jpg,ATALA
Image_147.jpg,AMERICAN SNOOT
Image_1470.jpg,GREEN CELLED CATTLEHEART
Image_1471.jpg,CLOUDED SULPHUR
Image_1472.jpg,CABBAGE WHITE
Image_1473.jpg,CLODIUS PARNASSIAN
Image_1474.jpg,PIPEVINE SWALLOW
Image_1475.jpg,AMERICAN SNOOT
Image_1476.jpg,PEACOCK
Image_1477.jpg,MESTRA
Image_1478.jpg,CLODIUS PARNASSIAN
Image_1479.jpg,ULYSES
Image_148.jpg,CAIRNS BIRDWING
Image_1480.jpg,CHESTNUT
Image_1481.jpg,GREAT JAY
Image_1482.jpg,ATALA
Image_1483.jpg,MALACHITE
Image_1484.jpg,CAIRNS BIRDWING
Image_1485.jpg,PIPEVINE SWALLOW
Image_1486.jpg,CABBAGE WHITE
Image_1487.jpg,RED SPOTTED PURPLE
Image_1488.jpg,RED POSTMAN
Image_1489.jpg,SOUTHERN DOGFACE
Image_149.jpg,EASTERN DAPPLE WHITE
Image_1490.jpg,GREAT EGGFLY
Image_1491.jpg,YELLOW SWALLOW TAIL
Image_1492.jpg,SOOTYWING
Image_1493.jpg,IPHICLUS SISTER
Image_1494.jpg,ORANGE OAKLEAF
Image_1495.jpg,MANGROVE SKIPPER
Image_1496.jpg,MOURNING CLOAK
Image_1497.jpg,APPOLLO
Image_1498.jpg,ELBOWED PIERROT
Image_1499.jpg,ATALA
Image_15.jpg,AN 88
Image_150.jpg,COPPER TAIL
Image_151.jpg,CLOUDED SULPHUR
Image_152.jpg,SOOTYWING
Image_153.jpg,ORANGE OAKLEAF
Image_154.jpg,RED ADMIRAL
Image_155.jpg,RED SPOTTED PURPLE
Image_156.jpg,ZEBRA LONG WING
Image_157.jpg,PINE WHITE
Image_158.jpg,MANGROVE SKIPPER
Image_159.jpg,INDRA SWALLOW
Image_16.jpg,RED POSTMAN
Image_160.jpg,ORCHARD SWALLOW
Image_161.jpg,CRIMSON PATCH
Image_162.jpg,CLODIUS PARNASSIAN
Image_163.jpg,PURPLE HAIRSTREAK
Image_164.jpg,CLEOPATRA
Image_165.jpg,BECKERS WHITE
Image_166.jpg,SOOTYWING
Image_167.jpg,ORANGE OAKLEAF
Image_168.jpg,CABBAGE WHITE
Image_169.jpg,SLEEPY ORANGE
Image_17.jpg,EASTERN COMA
Image_170.jpg,VICEROY
Image_171.jpg,CRECENT
Image_172.jpg,GREAT JAY
Image_173.jpg,AN 88
Image_174.jpg,PURPLE HAIRSTREAK
Image_175.jpg,BANDED ORANGE HELICONIAN
Image_176.jpg,MILBERTS TORTOISESHELL
Image_177.jpg,ZEBRA LONG WING
Image_178.jpg,AFRICAN GIANT SWALLOWTAIL
Image_179.jpg,EASTERN PINE ELFIN
Image_18.jpg,ZEBRA LONG WING
Image_180.jpg,ORCHARD SWALLOW
Image_181.jpg,COPPER TAIL
Image_182.jpg,LARGE MARBLE
Image_183.jpg,BLUE SPOTTED CROW
Image_184.jpg,METALMARK
Image_185.jpg,COPPER TAIL
Image_186.jpg,PAINTED LADY
Image_187.jpg,POPINJAY
Image_188.jpg,ELBOWED PIERROT
Image_189.jpg,ATALA
Image_19.jpg,MILBERTS TORTOISESHELL
Image_190.jpg,DANAID EGGFLY
Image_191.jpg,BLUE SPOTTED CROW
Image_192.jpg,BANDED PEACOCK
Image_193.jpg,PURPLE HAIRSTREAK
Image_194.jpg,BANDED ORANGE HELICONIAN
Image_195.jpg,ELBOWED PIERROT
Image_196.jpg,RED CRACKER
Image_197.jpg,CAIRNS BIRDWING
Image_198.jpg,MESTRA
Image_199.jpg,WOOD SATYR
Image_2.jpg,STRAITED QUEEN
Image_20.jpg,CLOUDED SULPHUR
Image_200.jpg,CLOUDED SULPHUR
Image_201.jpg,GOLD BANDED
Image_202.jpg,APPOLLO
Image_203.jpg,SOOTYWING
Image_204.jpg,SLEEPY ORANGE
Image_205.jpg,COPPER TAIL
Image_206.jpg,IPHICLUS SISTER
Image_207.jpg,SOOTYWING
Image_208.jpg,BLUE MORPHO
Image_209.jpg,ULYSES
Image_21.jpg,GREY HAIRSTREAK
Image_210.jpg,EASTERN DAPPLE WHITE
Image_211.jpg,SILVER SPOT SKIPPER
Image_212.jpg,CHESTNUT
Image_213.jpg,CHECQUERED SKIPPER
Image_214.jpg,BLUE MORPHO
Image_215.jpg,GREY HAIRSTREAK
Image_216.jpg,STRAITED QUEEN
Image_217.jpg,STRAITED QUEEN
Image_218.jpg,BANDED PEACOCK
Image_219.jpg,SOUTHERN DOGFACE
Image_22.jpg,AMERICAN SNOOT
Image_220.jpg,BROWN SIPROETA
Image_221.jpg,EASTERN PINE ELFIN
Image_222.jpg,RED CRACKER
Image_223.jpg,ORANGE OAKLEAF
Image_224.jpg,CHECQUERED SKIPPER
Image_225.jpg,BECKERS WHITE
Image_226.jpg,SOOTYWING
Image_227.jpg,AMERICAN SNOOT
Image_228.jpg,BROWN SIPROETA
Image_229.jpg,SOUTHERN DOGFACE
Image_23.jpg,POPINJAY
Image_230.jpg,GREAT EGGFLY
Image_231.jpg,SOOTYWING
Image_232.jpg,SILVER SPOT SKIPPER
Image_233.jpg,CABBAGE WHITE
Image_234.jpg,JULIA
Image_235.jpg,LARGE MARBLE
Image_236.jpg,ORANGE OAKLEAF
Image_237.jpg,ATALA
Image_238.jpg,YELLOW SWALLOW TAIL
Image_239.jpg,MANGROVE SKIPPER
Image_24.jpg,RED SPOTTED PURPLE
Image_240.jpg,PAINTED LADY
Image_241.jpg,CHESTNUT
Image_242.jpg,EASTERN PINE ELFIN
Image_243.jpg,EASTERN COMA
Image_244.jpg,CLEOPATRA
Image_245.jpg,PAPER KITE
Image_246.jpg,AMERICAN SNOOT
Image_247.jpg,EASTERN PINE ELFIN
Image_248.jpg,BLACK HAIRSTREAK
Image_249.jpg,CHESTNUT
Image_25.jpg,CRIMSON PATCH
Image_250.jpg,TWO BARRED FLASHER
Image_251.jpg,ORANGE OAKLEAF
Image_252.jpg,COMMON BANDED AWL
Image_253.jpg,CLOUDED SULPHUR
Image_254.jpg,COMMON WOOD-NYMPH
Image_255.jpg,SCARCE SWALLOW
Image_256.jpg,CHECQUERED SKIPPER
Image_257.jpg,EASTERN PINE ELFIN
Image_258.jpg,BROWN SIPROETA
Image_259.jpg,BLUE SPOTTED CROW
Image_26.jpg,POPINJAY
Image_260.jpg,RED POSTMAN
Image_261.jpg,TWO BARRED FLASHER
Image_262.jpg,ELBOWED PIERROT
Image_263.jpg,IPHICLUS SISTER
Image_264.jpg,BANDED PEACOCK
Image_265.jpg,GREAT EGGFLY
Image_266.jpg,WOOD SATYR
Image_267.jpg,AMERICAN SNOOT
Image_268.jpg,BLUE SPOTTED CROW
Image_269.jpg,EASTERN DAPPLE WHITE
Image_27.jpg,PAINTED LADY
Image_270.jpg,CHECQUERED SKIPPER
Image_271.jpg,AN 88
Image_272.jpg,AFRICAN GIANT SWALLOWTAIL
Image_273.jpg,METALMARK
Image_274.jpg,EASTERN DAPPLE WHITE
Image_275.jpg,GREY HAIRSTREAK
Image_276.jpg,GOLD BANDED
Image_277.jpg,CRIMSON PATCH
Image_278.jpg,SLEEPY ORANGE
Image_279.jpg,BANDED ORANGE HELICONIAN
Image_28.jpg,MALACHITE
Image_280.jpg,PAINTED LADY
Image_281.jpg,EASTERN DAPPLE WHITE
Image_282.jpg,EASTERN DAPPLE WHITE
Image_283.jpg,STRAITED QUEEN
Image_284.jpg,ORCHARD SWALLOW
Image_285.jpg,CLEOPATRA
Image_286.jpg,MILBERTS TORTOISESHELL
Image_287.jpg,YELLOW SWALLOW TAIL
Image_288.jpg,MONARCH
Image_289.jpg,DANAID EGGFLY
Image_29.jpg,LARGE MARBLE
Image_290.jpg,SILVER SPOT SKIPPER
Image_291.jpg,WOOD SATYR
Image_292.jpg,QUESTION MARK
Image_293.jpg,JULIA
Image_294.jpg,SOUTHERN DOGFACE
Image_295.jpg,MILBERTS TORTOISESHELL
Image_296.jpg,CABBAGE WHITE
Image_297.jpg,TROPICAL LEAFWING
Image_298.jpg,METALMARK
Image_299.jpg,PURPLISH COPPER
Image_3.jpg,ZEBRA LONG WING
Image_30.jpg,AN 88
Image_300.jpg,LARGE MARBLE
Image_301.jpg,LARGE MARBLE
Image_302.jpg,MILBERTS TORTOISESHELL
Image_303.jpg,COMMON WOOD-NYMPH
Image_304.jpg,RED ADMIRAL
Image_305.jpg,AN 88
Image_306.jpg,BROWN SIPROETA
Image_307.jpg,RED ADMIRAL
Image_308.jpg,EASTERN DAPPLE WHITE
Image_309.jpg,ULYSES
Image_31.jpg,APPOLLO
Image_310.jpg,ULYSES
Image_311.jpg,SLEEPY ORANGE
Image_312.jpg,RED CRACKER
Image_313.jpg,PURPLISH COPPER
Image_314.jpg,GREAT JAY
Image_315.jpg,ZEBRA LONG WING
Image_316.jpg,BLUE MORPHO
Image_317.jpg,ULYSES
Image_318.jpg,MOURNING CLOAK
Image_319.jpg,PEACOCK
Image_32.jpg,RED ADMIRAL
Image_320.jpg,POPINJAY
Image_321.jpg,POPINJAY
Image_322.jpg,GREAT EGGFLY
Image_323.jpg,BLUE SPOTTED CROW
Image_324.jpg,PURPLE HAIRSTREAK
Image_325.jpg,SLEEPY ORANGE
Image_326.jpg,MANGROVE SKIPPER
Image_327.jpg,YELLOW SWALLOW TAIL
Image_328.jpg,PEACOCK
Image_329.jpg,MOURNING CLOAK
Image_33.jpg,GREAT JAY
Image_330.jpg,QUESTION MARK
Image_331.jpg,SCARCE SWALLOW
Image_332.jpg,MONARCH
Image_333.jpg,SOUTHERN DOGFACE
Image_334.jpg,MALACHITE
Image_335.jpg,SILVER SPOT SKIPPER
Image_336.jpg,RED SPOTTED PURPLE
Image_337.jpg,SOOTYWING
Image_338.jpg,MILBERTS TORTOISESHELL
Image_339.jpg,CLEOPATRA
Image_34.jpg,PIPEVINE SWALLOW
Image_340.jpg,BLUE SPOTTED CROW
Image_341.jpg,VICEROY
Image_342.jpg,STRAITED QUEEN
Image_343.jpg,POPINJAY
Image_344.jpg,BECKERS WHITE
Image_345.jpg,PINE WHITE
Image_346.jpg,METALMARK
Image_347.jpg,SLEEPY ORANGE
Image_348.jpg,PEACOCK
Image_349.jpg,STRAITED QUEEN
Image_35.jpg,CRECENT
Image_350.jpg,AMERICAN SNOOT
Image_351.jpg,IPHICLUS SISTER
Image_352.jpg,COPPER TAIL
Image_353.jpg,CRIMSON PATCH
Image_354.jpg,BANDED ORANGE HELICONIAN
Image_355.jpg,PAINTED LADY
Image_356.jpg,EASTERN COMA
Image_357.jpg,CHESTNUT
Image_358.jpg,EASTERN COMA
Image_359.jpg,BANDED ORANGE HELICONIAN
Image_36.jpg,ORANGE TIP
Image_360.jpg,EASTERN PINE ELFIN
Image_361.jpg,AN 88
Image_362.jpg,SOUTHERN DOGFACE
Image_363.jpg,AN 88
Image_364.jpg,GREAT JAY
Image_365.jpg,DANAID EGGFLY
Image_366.jpg,PINE WHITE
Image_367.jpg,PAINTED LADY
Image_368.jpg,GREAT JAY
Image_369.jpg,MONARCH
Image_37.jpg,PURPLE HAIRSTREAK
Image_370.jpg,ZEBRA LONG WING
Image_371.jpg,SCARCE SWALLOW
Image_372.jpg,SOUTHERN DOGFACE
Image_373.jpg,ZEBRA LONG WING
Image_374.jpg,INDRA SWALLOW
Image_375.jpg,CAIRNS BIRDWING
Image_376.jpg,ATALA
Image_377.jpg,PAINTED LADY
Image_378.jpg,QUESTION MARK
Image_379.jpg,CRIMSON PATCH
Image_38.jpg,SOOTYWING
Image_380.jpg,POPINJAY
Image_381.jpg,CLEOPATRA
Image_382.jpg,MOURNING CLOAK
Image_383.jpg,TWO BARRED FLASHER
Image_384.jpg,CHECQUERED SKIPPER
Image_385.jpg,MALACHITE
Image_386.jpg,PEACOCK
Image_387.jpg,TROPICAL LEAFWING
Image_388.jpg,MOURNING CLOAK
Image_389.jpg,IPHICLUS SISTER
Image_39.jpg,COPPER TAIL
Image_390.jpg,BLUE SPOTTED CROW
Image_391.jpg,SILVER SPOT SKIPPER
Image_392.jpg,JULIA
Image_393.jpg,EASTERN COMA
Image_394.jpg,ADONIS
Image_395.jpg,ZEBRA LONG WING
Image_396.jpg,GREY HAIRSTREAK
Image_397.jpg,YELLOW SWALLOW TAIL
Image_398.jpg,RED SPOTTED PURPLE
Image_399.jpg,TWO BARRED FLASHER
Image_4.jpg,RED SPOTTED PURPLE
Image_40.jpg,BLUE SPOTTED CROW
Image_400.jpg,BANDED ORANGE HELICONIAN
Image_401.jpg,ULYSES
Image_402.jpg,ORANGE OAKLEAF
Image_403.jpg,SLEEPY ORANGE
Image_404.jpg,AMERICAN SNOOT
Image_405.jpg,COMMON WOOD-NYMPH
Image_406.jpg,PURPLISH COPPER
Image_407.jpg,CLOUDED SULPHUR
Image_408.jpg,MONARCH
Image_409.jpg,TWO BARRED FLASHER
Image_41.jpg,PAINTED LADY
Image_410.jpg,DANAID EGGFLY
Image_411.jpg,ELBOWED PIERROT
Image_412.jpg,MANGROVE SKIPPER
Image_413.jpg,GREAT EGGFLY
Image_414.jpg,GREAT EGGFLY
Image_415.jpg,CLOUDED SULPHUR
Image_416.jpg,APPOLLO
Image_417.jpg,CLOUDED SULPHUR
Image_418.jpg,ATALA
Image_419.jpg,ORANGE OAKLEAF
Image_42.jpg,PAINTED LADY
Image_420.jpg,GREAT EGGFLY
Image_421.jpg,PAINTED LADY
Image_422.jpg,QUESTION MARK
Image_423.jpg,BECKERS WHITE
Image_424.jpg,MILBERTS TORTOISESHELL
Image_425.jpg,YELLOW SWALLOW TAIL
Image_426.jpg,PURPLE HAIRSTREAK
Image_427.jpg,SILVER SPOT SKIPPER
Image_428.jpg,CABBAGE WHITE
Image_429.jpg,SOOTYWING
Image_43.jpg,EASTERN DAPPLE WHITE
Image_430.jpg,ORCHARD SWALLOW
Image_431.jpg,CRIMSON PATCH
Image_432.jpg,CAIRNS BIRDWING
Image_433.jpg,PAPER KITE
Image_434.jpg,ULYSES
Image_435.jpg,IPHICLUS SISTER
Image_436.jpg,PURPLE HAIRSTREAK
Image_437.jpg,RED POSTMAN
Image_438.jpg,CLOUDED SULPHUR
Image_439.jpg,SOUTHERN DOGFACE
Image_44.jpg,AN 88
Image_440.jpg,ORANGE OAKLEAF
Image_441.jpg,CRECENT
Image_442.jpg,COMMON BANDED AWL
Image_443.jpg,EASTERN DAPPLE WHITE
Image_444.jpg,BANDED ORANGE HELICONIAN
Image_445.jpg,ORANGE TIP
Image_446.jpg,MILBERTS TORTOISESHELL
Image_447.jpg,RED ADMIRAL
Image_448.jpg,JULIA
Image_449.jpg,PURPLE HAIRSTREAK
Image_45.jpg,MALACHITE
Image_450.jpg,GREAT EGGFLY
Image_451.jpg,WOOD SATYR
Image_452.jpg,MILBERTS TORTOISESHELL
Image_453.jpg,POPINJAY
Image_454.jpg,RED SPOTTED PURPLE
Image_455.jpg,COMMON WOOD-NYMPH
Image_456.jpg,BLACK HAIRSTREAK
Image_457.jpg,CLOUDED SULPHUR
Image_458.jpg,BLACK HAIRSTREAK
Image_459.jpg,COMMON BANDED AWL
Image_46.jpg,DANAID EGGFLY
Image_460.jpg,EASTERN COMA
Image_461.jpg,POPINJAY
Image_462.jpg,ZEBRA LONG WING
Image_463.jpg,YELLOW SWALLOW TAIL
Image_464.jpg,SCARCE SWALLOW
Image_465.jpg,BECKERS WHITE
Image_466.jpg,METALMARK
Image_467.jpg,LARGE MARBLE
Image_468.jpg,RED POSTMAN
Image_469.jpg,PURPLISH COPPER
Image_47.jpg,SLEEPY ORANGE
Image_470.jpg,IPHICLUS SISTER
Image_471.jpg,WOOD SATYR
Image_472.jpg,RED ADMIRAL
Image_473.jpg,COPPER TAIL
Image_474.jpg,MESTRA
Image_475.jpg,SLEEPY ORANGE
Image_476.jpg,AN 88
Image_477.jpg,MESTRA
Image_478.jpg,COPPER TAIL
Image_479.jpg,VICEROY
Image_48.jpg,APPOLLO
Image_480.jpg,CHECQUERED SKIPPER
Image_481.jpg,GOLD BANDED
Image_482.jpg,ULYSES
Image_483.jpg,MESTRA
Image_484.jpg,GOLD BANDED
Image_485.jpg,BECKERS WHITE
Image_486.jpg,GOLD BANDED
Image_487.jpg,SLEEPY ORANGE
Image_488.jpg,RED SPOTTED PURPLE
Image_489.jpg,PAPER KITE
Image_49.jpg,BLACK HAIRSTREAK
Image_490.jpg,DANAID EGGFLY
Image_491.jpg,PINE WHITE
Image_492.jpg,EASTERN COMA
Image_493.jpg,ULYSES
Image_494.jpg,GREEN CELLED CATTLEHEART
Image_495.jpg,MANGROVE SKIPPER
Image_496.jpg,AN 88
Image_497.jpg,SOUTHERN DOGFACE
Image_498.jpg,MOURNING CLOAK
Image_499.jpg,COPPER TAIL
Image_5.jpg,RED SPOTTED PURPLE
Image_50.jpg,COMMON WOOD-NYMPH
Image_500.jpg,BECKERS WHITE
Image_501.jpg,ATALA
Image_502.jpg,MILBERTS TORTOISESHELL
Image_503.jpg,ORCHARD SWALLOW
Image_504.jpg,AFRICAN GIANT SWALLOWTAIL
Image_505.jpg,TROPICAL LEAFWING
Image_506.jpg,BLUE SPOTTED CROW
Image_507.jpg,BANDED PEACOCK
Image_508.jpg,BANDED PEACOCK
Image_509.jpg,CLEOPATRA
Image_51.jpg,SILVER SPOT SKIPPER
Image_510.jpg,PEACOCK
Image_511.jpg,RED SPOTTED PURPLE
Image_512.jpg,CAIRNS BIRDWING
Image_513.jpg,BANDED PEACOCK
Image_514.jpg,MOURNING CLOAK
Image_515.jpg,COMMON BANDED AWL
Image_516.jpg,CAIRNS BIRDWING
Image_517.jpg,CHECQUERED SKIPPER
Image_518.jpg,PAINTED LADY
Image_519.jpg,PEACOCK
Image_52.jpg,GOLD BANDED
Image_520.jpg,CHECQUERED SKIPPER
Image_521.jpg,STRAITED QUEEN
Image_522.jpg,ELBOWED PIERROT
Image_523.jpg,EASTERN PINE ELFIN
Image_524.jpg,MESTRA
Image_525.jpg,AFRICAN GIANT SWALLOWTAIL
Image_526.jpg,ORCHARD SWALLOW
Image_527.jpg,SLEEPY ORANGE
Image_528.jpg,CHECQUERED SKIPPER
Image_529.jpg,INDRA SWALLOW
Image_53.jpg,RED CRACKER
Image_530.jpg,SCARCE SWALLOW
Image_531.jpg,AFRICAN GIANT SWALLOWTAIL
Image_532.jpg,CRIMSON PATCH
Image_533.jpg,CLOUDED SULPHUR
Image_534.jpg,BLUE SPOTTED CROW
Image_535.jpg,TROPICAL LEAFWING
Image_536.jpg,ATALA
Image_537.jpg,PINE WHITE
Image_538.jpg,CABBAGE WHITE
Image_539.jpg,BANDED PEACOCK
Image_54.jpg,ATALA
Image_540.jpg,BROWN SIPROETA
Image_541.jpg,YELLOW SWALLOW TAIL
Image_542.jpg,ADONIS
Image_543.jpg,SOOTYWING
Image_544.jpg,EASTERN COMA
Image_545.jpg,MOURNING CLOAK
Image_546.jpg,CRIMSON PATCH
Image_547.jpg,PINE WHITE
Image_548.jpg,COPPER TAIL
Image_549.jpg,MALACHITE
Image_55.jpg,PINE WHITE
Image_550.jpg,EASTERN PINE ELFIN
Image_551.jpg,SLEEPY ORANGE
Image_552.jpg,TWO BARRED FLASHER
Image_553.jpg,BLACK HAIRSTREAK
Image_554.jpg,CHECQUERED SKIPPER
Image_555.jpg,CABBAGE WHITE
Image_556.jpg,INDRA SWALLOW
Image_557.jpg,RED POSTMAN
Image_558.jpg,IPHICLUS SISTER
Image_559.jpg,CLEOPATRA
Image_56.jpg,BECKERS WHITE
Image_560.jpg,CRECENT
Image_561.jpg,MILBERTS TORTOISESHELL
Image_562.jpg,POPINJAY
Image_563.jpg,SOUTHERN DOGFACE
Image_564.jpg,MOURNING CLOAK
Image_565.jpg,SCARCE SWALLOW
Image_566.jpg,MESTRA
Image_567.jpg,APPOLLO
Image_568.jpg,RED SPOTTED PURPLE
Image_569.jpg,TROPICAL LEAFWING
Image_57.jpg,MESTRA
Image_570.jpg,GREY HAIRSTREAK
Image_571.jpg,PURPLISH COPPER
Image_572.jpg,RED CRACKER
Image_573.jpg,GREEN CELLED CATTLEHEART
Image_574.jpg,CLEOPATRA
Image_575.jpg,GREAT JAY
Image_576.jpg,COMMON WOOD-NYMPH
Image_577.jpg,CHESTNUT
Image_578.jpg,BROWN SIPROETA
Image_579.jpg,PAINTED LADY
Image_58.jpg,DANAID EGGFLY
Image_580.jpg,ORCHARD SWALLOW
Image_581.jpg,EASTERN COMA
Image_582.jpg,RED ADMIRAL
Image_583.jpg,ZEBRA LONG WING
Image_584.jpg,ZEBRA LONG WING
Image_585.jpg,JULIA
Image_586.jpg,PEACOCK
Image_587.jpg,PURPLISH COPPER
Image_588.jpg,MALACHITE
Image_589.jpg,BROWN SIPROETA
Image_59.jpg,SILVER SPOT SKIPPER
Image_590.jpg,PAINTED LADY
Image_591.jpg,SOUTHERN DOGFACE
Image_592.jpg,BLACK HAIRSTREAK
Image_593.jpg,CAIRNS BIRDWING
Image_594.jpg,RED POSTMAN
Image_595.jpg,POPINJAY
Image_596.jpg,PAINTED LADY
Image_597.jpg,EASTERN PINE ELFIN
Image_598.jpg,PAINTED LADY
Image_599.jpg,PEACOCK
Image_6.jpg,GREAT JAY
Image_60.jpg,BLUE SPOTTED CROW
Image_600.jpg,CRIMSON PATCH
Image_601.jpg,PURPLE HAIRSTREAK
Image_602.jpg,CRIMSON PATCH
Image_603.jpg,ZEBRA LONG WING
Image_604.jpg,RED POSTMAN
Image_605.jpg,CRECENT
Image_606.jpg,COMMON BANDED AWL
Image_607.jpg,GREAT JAY
Image_608.jpg,TROPICAL LEAFWING
Image_609.jpg,RED SPOTTED PURPLE
Image_61.jpg,BANDED PEACOCK
Image_610.jpg,COPPER TAIL
Image_611.jpg,ZEBRA LONG WING
Image_612.jpg,BECKERS WHITE
Image_613.jpg,PURPLISH COPPER
Image_614.jpg,CABBAGE WHITE
Image_615.jpg,SLEEPY ORANGE
Image_616.jpg,SCARCE SWALLOW
Image_617.jpg,MONARCH
Image_618.jpg,SILVER SPOT SKIPPER
Image_619.jpg,BLUE SPOTTED CROW
Image_62.jpg,CAIRNS BIRDWING
Image_620.jpg,CLOUDED SULPHUR
Image_621.jpg,MESTRA
Image_622.jpg,DANAID EGGFLY
Image_623.jpg,SCARCE SWALLOW
Image_624.jpg,COPPER TAIL
Image_625.jpg,AMERICAN SNOOT
Image_626.jpg,INDRA SWALLOW
Image_627.jpg,PEACOCK
Image_628.jpg,CHESTNUT
Image_629.jpg,RED ADMIRAL
Image_63.jpg,ZEBRA LONG WING
Image_630.jpg,PIPEVINE SWALLOW
Image_631.jpg,CHESTNUT
Image_632.jpg,CLEOPATRA
Image_633.jpg,RED POSTMAN
Image_634.jpg,LARGE MARBLE
Image_635.jpg,METALMARK
Image_636.jpg,INDRA SWALLOW
Image_637.jpg,BLUE SPOTTED CROW
Image_638.jpg,RED CRACKER
Image_639.jpg,ULYSES
Image_64.jpg,ATALA
Image_640.jpg,COPPER TAIL
Image_641.jpg,MESTRA
Image_642.jpg,QUESTION MARK
Image_643.jpg,QUESTION MARK
Image_644.jpg,ZEBRA LONG WING
Image_645.jpg,GREAT EGGFLY
Image_646.jpg,PURPLE HAIRSTREAK
Image_647.jpg,CLODIUS PARNASSIAN
Image_648.jpg,CLEOPATRA
Image_649.jpg,DANAID EGGFLY
Image_65.jpg,PIPEVINE SWALLOW
Image_650.jpg,AMERICAN SNOOT
Image_651.jpg,SLEEPY ORANGE
Image_652.jpg,COMMON WOOD-NYMPH
Image_653.jpg,RED SPOTTED PURPLE
Image_654.jpg,GREAT JAY
Image_655.jpg,AFRICAN GIANT SWALLOWTAIL
Image_656.jpg,CRIMSON PATCH
Image_657.jpg,SLEEPY ORANGE
Image_658.jpg,PURPLE HAIRSTREAK
Image_659.jpg,ADONIS
Image_66.jpg,PEACOCK
Image_660.jpg,CLODIUS PARNASSIAN
Image_661.jpg,BLACK HAIRSTREAK
Image_662.jpg,APPOLLO
Image_663.jpg,ORCHARD SWALLOW
Image_664.jpg,VICEROY
Image_665.jpg,TWO BARRED FLASHER
Image_666.jpg,BANDED PEACOCK
Image_667.jpg,MALACHITE
Image_668.jpg,AMERICAN SNOOT
Image_669.jpg,YELLOW SWALLOW TAIL
Image_67.jpg,MOURNING CLOAK
Image_670.jpg,CLEOPATRA
Image_671.jpg,BROWN SIPROETA
Image_672.jpg,RED CRACKER
Image_673.jpg,RED POSTMAN
Image_674.jpg,ORANGE TIP
Image_675.jpg,COMMON WOOD-NYMPH
Image_676.jpg,YELLOW SWALLOW TAIL
Image_677.jpg,GREEN CELLED CATTLEHEART
Image_678.jpg,BANDED ORANGE HELICONIAN
Image_679.jpg,CAIRNS BIRDWING
Image_68.jpg,EASTERN DAPPLE WHITE
Image_680.jpg,ORCHARD SWALLOW
Image_681.jpg,MALACHITE
Image_682.jpg,AN 88
Image_683.jpg,PURPLISH COPPER
Image_684.jpg,MANGROVE SKIPPER
Image_685.jpg,IPHICLUS SISTER
Image_686.jpg,RED POSTMAN
Image_687.jpg,RED CRACKER
Image_688.jpg,ULYSES
Image_689.jpg,SILVER SPOT SKIPPER
Image_69.jpg,MANGROVE SKIPPER
Image_690.jpg,CLEOPATRA
Image_691.jpg,QUESTION MARK
Image_692.jpg,AN 88
Image_693.jpg,COPPER TAIL
Image_694.jpg,BANDED ORANGE HELICONIAN
Image_695.jpg,EASTERN PINE ELFIN
Image_696.jpg,BANDED ORANGE HELICONIAN
Image_697.jpg,CHESTNUT
Image_698.jpg,ORANGE OAKLEAF
Image_699.jpg,CLEOPATRA
Image_7.jpg,IPHICLUS SISTER
Image_70.jpg,ORCHARD SWALLOW
Image_700.jpg,ULYSES
Image_701.jpg,PIPEVINE SWALLOW
Image_702.jpg,RED CRACKER
Image_703.jpg,INDRA SWALLOW
Image_704.jpg,GOLD BANDED
Image_705.jpg,SCARCE SWALLOW
Image_706.jpg,METALMARK
Image_707.jpg,SLEEPY ORANGE
Image_708.jpg,PINE WHITE
Image_709.jpg,BLUE MORPHO
Image_71.jpg,CHESTNUT
Image_710.jpg,BANDED PEACOCK
Image_711.jpg,MOURNING CLOAK
Image_712.jpg,COMMON WOOD-NYMPH
Image_713.jpg,TWO BARRED FLASHER
Image_714.jpg,BLUE SPOTTED CROW
Image_715.jpg,ELBOWED PIERROT
Image_716.jpg,BECKERS WHITE
Image_717.jpg,PAPER KITE
Image_718.jpg,BROWN SIPROETA
Image_719.jpg,ATALA
Image_72.jpg,JULIA
Image_720.jpg,CLOUDED SULPHUR
Image_721.jpg,SOOTYWING
Image_722.jpg,ULYSES
Image_723.jpg,CHESTNUT
Image_724.jpg,CRECENT
Image_725.jpg,LARGE MARBLE
Image_726.jpg,CAIRNS BIRDWING
Image_727.jpg,CHECQUERED SKIPPER
Image_728.jpg,IPHICLUS SISTER
Image_729.jpg,BLACK HAIRSTREAK
Image_73.jpg,GREAT JAY
Image_730.jpg,CRIMSON PATCH
Image_731.jpg,GREAT JAY
Image_732.jpg,CABBAGE WHITE
Image_733.jpg,IPHICLUS SISTER
Image_734.jpg,BLUE SPOTTED CROW
Image_735.jpg,EASTERN DAPPLE WHITE
Image_736.jpg,AFRICAN GIANT SWALLOWTAIL
Image_737.jpg,IPHICLUS SISTER
Image_738.jpg,GREY HAIRSTREAK
Image_739.jpg,IPHICLUS SISTER
Image_74.jpg,SLEEPY ORANGE
Image_740.jpg,GREY HAIRSTREAK
Image_741.jpg,CLOUDED SULPHUR
Image_742.jpg,JULIA
Image_743.jpg,PAPER KITE
Image_744.jpg,SOUTHERN DOGFACE
Image_745.jpg,CHECQUERED SKIPPER
Image_746.jpg,PINE WHITE
Image_747.jpg,ELBOWED PIERROT
Image_748.jpg,IPHICLUS SISTER
Image_749.jpg,PURPLISH COPPER
Image_75.jpg,STRAITED QUEEN
Image_750.jpg,STRAITED QUEEN
Image_751.jpg,CHECQUERED SKIPPER
Image_752.jpg,RED CRACKER
Image_753.jpg,ZEBRA LONG WING
Image_754.jpg,STRAITED QUEEN
Image_755.jpg,GOLD BANDED
Image_756.jpg,BANDED ORANGE HELICONIAN
Image_757.jpg,SOOTYWING
Image_758.jpg,SOOTYWING
Image_759.jpg,COMMON BANDED AWL
Image_76.jpg,SOOTYWING
Image_760.jpg,YELLOW SWALLOW TAIL
Image_761.jpg,RED ADMIRAL
Image_762.jpg,YELLOW SWALLOW TAIL
Image_763.jpg,QUESTION MARK
Image_764.jpg,MOURNING CLOAK
Image_765.jpg,AN 88
Image_766.jpg,CLOUDED SULPHUR
Image_767.jpg,METALMARK
Image_768.jpg,SCARCE SWALLOW
Image_769.jpg,BLUE SPOTTED CROW
Image_77.jpg,EASTERN PINE ELFIN
Image_770.jpg,CHESTNUT
Image_771.jpg,STRAITED QUEEN
Image_772.jpg,VICEROY
Image_773.jpg,COMMON BANDED AWL
Image_774.jpg,BLACK HAIRSTREAK
Image_775.jpg,GREEN CELLED CATTLEHEART
Image_776.jpg,TWO BARRED FLASHER
Image_777.jpg,SILVER SPOT SKIPPER
Image_778.jpg,MONARCH
Image_779.jpg,SCARCE SWALLOW
Image_78.jpg,WOOD SATYR
Image_780.jpg,SILVER SPOT SKIPPER
Image_781.jpg,CAIRNS BIRDWING
Image_782.jpg,DANAID EGGFLY
Image_783.jpg,CABBAGE WHITE
Image_784.jpg,COPPER TAIL
Image_785.jpg,EASTERN PINE ELFIN
Image_786.jpg,CRIMSON PATCH
Image_787.jpg,CLODIUS PARNASSIAN
Image_788.jpg,GREY HAIRSTREAK
Image_789.jpg,BANDED ORANGE HELICONIAN
Image_79.jpg,EASTERN PINE ELFIN
Image_790.jpg,SOOTYWING
Image_791.jpg,YELLOW SWALLOW TAIL
Image_792.jpg,DANAID EGGFLY
Image_793.jpg,AFRICAN GIANT SWALLOWTAIL
Image_794.jpg,SOUTHERN DOGFACE
Image_795.jpg,GREAT EGGFLY
Image_796.jpg,PAPER KITE
Image_797.jpg,CABBAGE WHITE
Image_798.jpg,RED ADMIRAL
Image_799.jpg,TWO BARRED FLASHER
Image_8.jpg,CAIRNS BIRDWING
Image_80.jpg,BECKERS WHITE
Image_800.jpg,GREAT EGGFLY
Image_801.jpg,RED POSTMAN
Image_802.jpg,RED CRACKER
Image_803.jpg,PIPEVINE SWALLOW
Image_804.jpg,SOOTYWING
Image_805.jpg,WOOD SATYR
Image_806.jpg,RED POSTMAN
Image_807.jpg,MANGROVE SKIPPER
Image_808.jpg,PURPLE HAIRSTREAK
Image_809.jpg,ULYSES
Image_81.jpg,MOURNING CLOAK
Image_810.jpg,GREAT JAY
Image_811.jpg,PAINTED LADY
Image_812.jpg,MILBERTS TORTOISESHELL
Image_813.jpg,AMERICAN SNOOT
Image_814.jpg,EASTERN PINE ELFIN
Image_815.jpg,PAPER KITE
Image_816.jpg,CLEOPATRA
Image_817.jpg,CLOUDED SULPHUR
Image_818.jpg,BANDED ORANGE HELICONIAN
Image_819.jpg,PINE WHITE
Image_82.jpg,COMMON BANDED AWL
Image_820.jpg,PINE WHITE
Image_821.jpg,AN 88
Image_822.jpg,MESTRA
Image_823.jpg,ORANGE OAKLEAF
Image_824.jpg,BROWN SIPROETA
Image_825.jpg,CLODIUS PARNASSIAN
Image_826.jpg,CABBAGE WHITE
Image_827.jpg,EASTERN DAPPLE WHITE
Image_828.jpg,JULIA
Image_829.jpg,GOLD BANDED
Image_83.jpg,RED CRACKER
Image_830.jpg,WOOD SATYR
Image_831.jpg,BANDED PEACOCK
Image_832.jpg,RED CRACKER
Image_833.jpg,MALACHITE
Image_834.jpg,SLEEPY ORANGE
Image_835.jpg,PURPLISH COPPER
Image_836.jpg,VICEROY
Image_837.jpg,STRAITED QUEEN
Image_838.jpg,GREAT JAY
Image_839.jpg,IPHICLUS SISTER
Image_84.jpg,BLUE MORPHO
Image_840.jpg,PINE WHITE
Image_841.jpg,COMMON WOOD-NYMPH
Image_842.jpg,TROPICAL LEAFWING
Image_843.jpg,VICEROY
Image_844.jpg,MANGROVE SKIPPER
Image_845.jpg,CAIRNS BIRDWING
Image_846.jpg,ORANGE OAKLEAF
Image_847.jpg,EASTERN DAPPLE WHITE
Image_848.jpg,CRIMSON PATCH
Image_849.jpg,BROWN SIPROETA
Image_85.jpg,STRAITED QUEEN
Image_850.jpg,ORANGE TIP
Image_851.jpg,DANAID EGGFLY
Image_852.jpg,CRIMSON PATCH
Image_853.jpg,MOURNING CLOAK
Image_854.jpg,POPINJAY
Image_855.jpg,GREAT JAY
Image_856.jpg,GREAT JAY
Image_857.jpg,PAPER KITE
Image_858.jpg,GREEN CELLED CATTLEHEART
Image_859.jpg,BLUE SPOTTED CROW
Image_86.jpg,CHESTNUT
Image_860.jpg,CLEOPATRA
Image_861.jpg,SLEEPY ORANGE
Image_862.jpg,BLACK HAIRSTREAK
Image_863.jpg,QUESTION MARK
Image_864.jpg,TWO BARRED FLASHER
Image_865.jpg,YELLOW SWALLOW TAIL
Image_866.jpg,PURPLISH COPPER
Image_867.jpg,PURPLE HAIRSTREAK
Image_868.jpg,GREAT EGGFLY
Image_869.jpg,CHESTNUT
Image_87.jpg,ORCHARD SWALLOW
Image_870.jpg,ATALA
Image_871.jpg,PINE WHITE
Image_872.jpg,JULIA
Image_873.jpg,PAPER KITE
Image_874.jpg,CHECQUERED SKIPPER
Image_875.jpg,AMERICAN SNOOT
Image_876.jpg,BROWN SIPROETA
Image_877.jpg,MONARCH
Image_878.jpg,JULIA
Image_879.jpg,BROWN SIPROETA
Image_88.jpg,ATALA
Image_880.jpg,BLUE MORPHO
Image_881.jpg,AN 88
Image_882.jpg,GREAT EGGFLY
Image_883.jpg,CLOUDED SULPHUR
Image_884.jpg,ZEBRA LONG WING
Image_885.jpg,COPPER TAIL
Image_886.jpg,ZEBRA LONG WING
Image_887.jpg,SCARCE SWALLOW
Image_888.jpg,PAPER KITE
Image_889.jpg,SCARCE SWALLOW
Image_89.jpg,GREEN CELLED CATTLEHEART
Image_890.jpg,CAIRNS BIRDWING
Image_891.jpg,PAPER KITE
Image_892.jpg,VICEROY
Image_893.jpg,ORCHARD SWALLOW
Image_894.jpg,TWO BARRED FLASHER
Image_895.jpg,MANGROVE SKIPPER
Image_896.jpg,COMMON WOOD-NYMPH
Image_897.jpg,DANAID EGGFLY
Image_898.jpg,EASTERN COMA
Image_899.jpg,SCARCE SWALLOW
Image_9.jpg,STRAITED QUEEN
Image_90.jpg,POPINJAY
Image_900.jpg,PAINTED LADY
Image_901.jpg,CABBAGE WHITE
Image_902.jpg,ATALA
Image_903.jpg,LARGE MARBLE
Image_904.jpg,ORCHARD SWALLOW
Image_905.jpg,MILBERTS TORTOISESHELL
Image_906.jpg,SILVER SPOT SKIPPER
Image_907.jpg,MALACHITE
Image_908.jpg,ORCHARD SWALLOW
Image_909.jpg,VICEROY
Image_91.jpg,SOOTYWING
Image_910.jpg,RED ADMIRAL
Image_911.jpg,ATALA
Image_912.jpg,GREEN CELLED CATTLEHEART
Image_913.jpg,ATALA
Image_914.jpg,PURPLISH COPPER
Image_915.jpg,SOOTYWING
Image_916.jpg,MESTRA
Image_917.jpg,MANGROVE SKIPPER
Image_918.jpg,RED CRACKER
Image_919.jpg,BECKERS WHITE
Image_92.jpg,MONARCH
Image_920.jpg,CHESTNUT
Image_921.jpg,CHECQUERED SKIPPER
Image_922.jpg,PAPER KITE
Image_923.jpg,MOURNING CLOAK
Image_924.jpg,ADONIS
Image_925.jpg,RED SPOTTED PURPLE
Image_926.jpg,MESTRA
Image_927.jpg,LARGE MARBLE
Image_928.jpg,ORANGE TIP
Image_929.jpg,BLUE SPOTTED CROW
Image_93.jpg,CAIRNS BIRDWING
Image_930.jpg,ATALA
Image_931.jpg,GOLD BANDED
Image_932.jpg,PURPLISH COPPER
Image_933.jpg,EASTERN PINE ELFIN
Image_934.jpg,BLUE MORPHO
Image_935.jpg,PEACOCK
Image_936.jpg,AN 88
Image_937.jpg,PINE WHITE
Image_938.jpg,EASTERN COMA
Image_939.jpg,QUESTION MARK
Image_94.jpg,SOUTHERN DOGFACE
Image_940.jpg,RED POSTMAN
Image_941.jpg,BLACK HAIRSTREAK
Image_942.jpg,MALACHITE
Image_943.jpg,SLEEPY ORANGE
Image_944.jpg,PAPER KITE
Image_945.jpg,MILBERTS TORTOISESHELL
Image_946.jpg,JULIA
Image_947.jpg,SILVER SPOT SKIPPER
Image_948.jpg,RED CRACKER
Image_949.jpg,SOOTYWING
Image_95.jpg,MANGROVE SKIPPER
Image_950.jpg,ULYSES
Image_951.jpg,ORANGE OAKLEAF
Image_952.jpg,ULYSES
Image_953.jpg,BROWN SIPROETA
Image_954.jpg,PEACOCK
Image_955.jpg,STRAITED QUEEN
Image_956.jpg,INDRA SWALLOW
Image_957.jpg,PIPEVINE SWALLOW
Image_958.jpg,SILVER SPOT SKIPPER
Image_959.jpg,ORANGE TIP
Image_96.jpg,COMMON BANDED AWL
Image_960.jpg,GOLD BANDED
Image_961.jpg,ADONIS
Image_962.jpg,SILVER SPOT SKIPPER
Image_963.jpg,RED POSTMAN
Image_964.jpg,BROWN SIPROETA
Image_965.jpg,CHECQUERED SKIPPER
Image_966.jpg,STRAITED QUEEN
Image_967.jpg,BLUE MORPHO
Image_968.jpg,CRIMSON PATCH
Image_969.jpg,APPOLLO
Image_97.jpg,SILVER SPOT SKIPPER
Image_970.jpg,RED POSTMAN
Image_971.jpg,SOOTYWING
Image_972.jpg,MILBERTS TORTOISESHELL
Image_973.jpg,PEACOCK
Image_974.jpg,CAIRNS BIRDWING
Image_975.jpg,TROPICAL LEAFWING
Image_976.jpg,ULYSES
Image_977.jpg,CRECENT
Image_978.jpg,PIPEVINE SWALLOW
Image_979.jpg,CLOUDED SULPHUR
Image_98.jpg,MANGROVE SKIPPER
Image_980.jpg,SLEEPY ORANGE
Image_981.jpg,ATALA
Image_982.jpg,VICEROY
Image_983.jpg,JULIA
Image_984.jpg,AMERICAN SNOOT
Image_985.jpg,QUESTION MARK
Image_986.jpg,PURPLE HAIRSTREAK
Image_987.jpg,LARGE MARBLE
Image_988.jpg,RED SPOTTED PURPLE
Image_989.jpg,QUESTION MARK
Image_99.jpg,AN 88
Image_990.jpg,GREY HAIRSTREAK
Image_991.jpg,CRIMSON PATCH
Image_992.jpg,SLEEPY ORANGE
Image_993.jpg,AFRICAN GIANT SWALLOWTAIL
Image_994.jpg,CRIMSON PATCH
Image_995.jpg,MILBERTS TORTOISESHELL
Image_996.jpg,CHECQUERED SKIPPER
Image_997.jpg,CHESTNUT
Image_998.jpg,DANAID EGGFLY
Image_999.jpg,EASTERN PINE ELFIN
